year,voted_pct
2014,16.51061000609452
2015,9.568275527528499
2016,53.637309620660304
2017,8.86082051776503
2018,35.62023887896172
2019,12.047265483520464
2020,49.264662101816015
2021,12.74164659378667
