{"Hampton Dist 13":[-79.97785,40.570350000000005],"Emsworth Dist 2":[-80.0925,40.51015000000001],"Ben Avon Ht":[-80.07375,40.512100000000004],"Ben Avon Dist 2":[-80.08025,40.505300000000005],"McCandless Ward 1 Dist 1":[-80.02525,40.5989],"Kilbuck":[-80.0916,40.52105],"Emsworth Dist 1":[-80.10285000000002,40.511700000000005],"Ohio Dist 2":[-80.09720000000002,40.5369],"Franklin Pk Ward 1 Dist 2":[-80.10115,40.6048],"Hampton Dist 3":[-79.9796,40.5936],"McCandless Ward 2 Dist 1":[-80.0566,40.59985],"McCandless Ward 2 Dist 2":[-80.06110000000001,40.5934],"McCandless Ward 2 Dist 3":[-80.04335,40.59625],"McCandless Ward 1 Dist 3":[-80.03140000000002,40.594],"McCandless Ward 7 Dist 1":[-79.99915000000001,40.5945],"McCandless Ward 3 Dist 3":[-80.0553,40.579800000000006],"McCandless Ward 5 Dist 1":[-80.02595000000001,40.5839],"McCandless Ward 3 Dist 2":[-80.04585,40.579750000000004],"McCandless Ward 6 Dist 3":[-80.0001,40.567400000000006],"McCandless Ward 3 Dist 1":[-80.0446,40.57390000000001],"Hampton Dist 12":[-79.96895,40.5724],"McCandless Ward 7 Dist 2":[-79.9947,40.57040000000001],"McCandless Ward 5 Dist 2":[-80.02600000000001,40.5685],"McCandless Ward 4 Dist 2":[-80.04945000000001,40.56465],"McCandless Ward 5 Dist 3":[-80.03155000000001,40.56280000000001],"McCandless Ward 4 Dist 3":[-80.06155000000001,40.56205],"McCandless Ward 4 Dist 1":[-80.04935,40.5608],"Hampton Dist 4":[-79.96290000000002,40.56175],"Hampton Dist 5":[-79.97985,40.5587],"McCandless Ward 6 Dist 2":[-80.01475,40.5574],"Ben Avon Dist 1":[-80.0854,40.506750000000004],"McCandless Ward 1 Dist 2":[-80.00695000000002,40.5808],"McCandless Ward 6 Dist 1":[-80.01515,40.560950000000005],"McCandless Ward 7 Dist 3":[-79.99350000000001,40.561400000000006],"Ohio Dist 3":[-80.08225000000002,40.53445000000001],"Ohio Dist 1":[-80.09895,40.56275000000001],"Franklin Pk Ward 1 Dist 1":[-80.12630000000001,40.59665],"Franklin Pk Ward 3 Dist 2":[-80.07860000000001,40.593],"Franklin Pk Ward 2 Dist 1":[-80.10000000000001,40.579950000000004],"Franklin Pk Ward 3 Dist 3":[-80.078,40.58045],"Franklin Pk Ward 2 Dist 3":[-80.07260000000001,40.55865],"Franklin Pk Ward 2 Dist 2":[-80.08995,40.56750000000001],"Franklin Pk Ward 3 Dist 1":[-80.08030000000001,40.6061],"Franklin Pk Ward 1 Dist 3":[-80.08205000000001,40.602450000000005]}