{"Harrison Ward 3 Dist 1":[-79.7072,40.6447],"Frazer":[-79.79035,40.603],"Brackenridge Ward 3":[-79.74585,40.609350000000006],"East Deer Ward 1":[-79.77690000000001,40.593500000000006],"Springdale Twp":[-79.7875,40.5535],"Harmar Dist 1":[-79.84755000000001,40.541050000000006],"Cheswick Dist 1":[-79.80115,40.540800000000004],"Fox Chapel Dist 5":[-79.88845,40.51975],"Springdale Br Dist 3":[-79.787,40.5377],"Sharpsburg Dist 3":[-79.91655,40.493050000000004],"Blawnox":[-79.8585,40.49165000000001],"Aspinwall Dist 1":[-79.90535,40.490700000000004],"Indiana Dist 5":[-79.8832,40.55445],"Harrison Ward 4 Dist 2":[-79.72130000000001,40.64425],"Harrison Ward 5 Dist 2":[-79.72665,40.630700000000004],"Harrison Ward 4 Dist 1":[-79.71780000000001,40.633500000000005],"Harrison Ward 3 Dist 2":[-79.71175,40.628],"Harrison Ward 1 Dist 3":[-79.73535000000001,40.62455],"Harrison Ward 5 Dist 1":[-79.72265000000002,40.6193],"Harrison Ward 2 Dist 2":[-79.72305,40.612300000000005],"Harrison Ward 1 Dist 1":[-79.73355000000001,40.615300000000005],"Brackenridge Ward 2":[-79.73940000000002,40.61125],"Harrison Ward 2 Dist 1":[-79.73195000000001,40.6116],"Brackenridge Ward 1":[-79.7398,40.60465000000001],"East Deer Ward 2":[-79.7842,40.5765],"Harmar Dist 3":[-79.8192,40.5549],"Harmar Dist 2":[-79.81765000000001,40.544650000000004],"Fox Chapel Dist 2":[-79.8723,40.537150000000004],"Fox Chapel Dist 4":[-79.89590000000001,40.53575],"Cheswick Dist 2":[-79.80145,40.5458],"Springdale Br Dist 2":[-79.78775,40.5458],"Springdale Br Dist 1":[-79.77265,40.54130000000001],"Springdale Br Dist 4":[-79.78745,40.54225],"Fox Chapel Dist 3":[-79.90145000000001,40.512100000000004],"Fox Chapel Dist 1":[-79.89,40.50305],"Aspinwall Dist 2":[-79.90495000000001,40.49705],"Sharpsburg Dist 2":[-79.92915,40.495050000000006],"Sharpsburg Dist 1":[-79.93675,40.494150000000005],"Aspinwall Dist 3":[-79.90020000000001,40.490700000000004],"Indiana Dist 4":[-79.92205000000001,40.5489],"Indiana Dist 1":[-79.88230000000001,40.57855000000001],"Indiana Dist 3":[-79.84020000000001,40.57995],"Indiana Dist 2":[-79.87195000000001,40.57225],"Fawn Dist 1":[-79.78810000000001,40.653000000000006],"Fawn Dist 2":[-79.7492,40.6411],"Harrison Ward 1 Dist 2":[-79.74285,40.62205],"Tarentum Ward 3 Dist 2":[-79.7642,40.6061],"Tarentum Ward 1 Dist 2":[-79.75305,40.607200000000006],"Tarentum Ward 1 Dist 1":[-79.7533,40.605050000000006],"Tarentum Ward 3 Dist 1":[-79.76945,40.59955],"Tarentum Ward 2":[-79.74940000000001,40.600750000000005],"O'Hara Ward 2 Dist 2":[-79.92450000000001,40.5242],"O'Hara Ward 5 Dist 1":[-79.86080000000001,40.51785],"O'Hara Ward 2 Dist 1":[-79.9254,40.5157],"O'Hara Ward 4 Dist 2":[-79.91055,40.5064],"O'Hara Ward 3 Dist 1":[-79.92595,40.5073],"O'Hara Ward 1 Dist 2":[-79.86025000000001,40.498000000000005],"O'Hara Ward 3 Dist 2":[-79.9261,40.500550000000004],"O'Hara Ward 5 Dist 2":[-79.8636,40.5124],"O'Hara Ward 1 Dist 1":[-79.87265000000001,40.496750000000006],"O'Hara Ward 4 Dist 1":[-79.88525000000001,40.49515]}