{"West Deer Dist 8":[-79.9024,40.64105000000001],"Harrison Ward 3 Dist 1":[-79.7072,40.6447],"Frazer":[-79.79035,40.603],"Richland Dist 7":[-79.97255000000001,40.6319],"Brackenridge Ward 3":[-79.74585,40.609350000000006],"East Deer Ward 1":[-79.77690000000001,40.593500000000006],"Hampton Dist 13":[-79.97785,40.570350000000005],"Springdale Twp":[-79.7875,40.5535],"Harmar Dist 1":[-79.84755000000001,40.541050000000006],"Cheswick Dist 1":[-79.80115,40.540800000000004],"Fox Chapel Dist 5":[-79.88845,40.51975],"Springdale Br Dist 3":[-79.787,40.5377],"Shaler Ward 5 Dist 1":[-79.9767,40.52785],"Ross Ward 4 Dist 1":[-80.055,40.516450000000006],"West View Dist 1":[-80.02655000000001,40.5136],"Etna Ward 2":[-79.94575,40.49815],"Sharpsburg Dist 3":[-79.91655,40.493050000000004],"Blawnox":[-79.8585,40.49165000000001],"Aspinwall Dist 1":[-79.90535,40.490700000000004],"Pittsburgh Ward 12 Dist 12":[-79.89605,40.4807],"Pittsburgh Ward 10 Dist 7":[-79.929,40.48825],"Pittsburgh Ward 10 Dist 5":[-79.94175000000001,40.48695000000001],"Pittsburgh Ward 10 Dist 8":[-79.92215000000002,40.486900000000006],"Pittsburgh Ward 11 Dist 9":[-79.91715,40.4814],"Pittsburgh Ward 10 Dist 1":[-79.95320000000001,40.482800000000005],"Pittsburgh Ward 10 Dist 4":[-79.93605000000001,40.483700000000006],"Pittsburgh Ward 10 Dist 10":[-79.9314,40.480850000000004],"Pittsburgh Ward 10 Dist 9":[-79.92745000000001,40.4823],"Pittsburgh Ward 10 Dist 6":[-79.9442,40.481750000000005],"Pittsburgh Ward 10 Dist 3":[-79.94965,40.4808],"Pittsburgh Ward 10 Dist 13":[-79.94365000000002,40.479200000000006],"Pittsburgh Ward 10 Dist 14":[-79.93960000000001,40.4777],"Pittsburgh Ward 10 Dist 2":[-79.95170000000002,40.47905],"Pittsburgh Ward 11 Dist 7":[-79.9255,40.477450000000005],"Pittsburgh Ward 10 Dist 12":[-79.93505000000002,40.47735],"Pittsburgh Ward 10 Dist 11":[-79.92975000000001,40.47695],"Pittsburgh Ward 11 Dist 8":[-79.92125,40.47715000000001],"Pittsburgh Ward 11 Dist 10":[-79.91605000000001,40.47585000000001],"Pittsburgh Ward 11 Dist 1":[-79.9237,40.4746],"Pittsburgh Ward 11 Dist 6":[-79.92855,40.47305],"Pittsburgh Ward 10 Dist 15":[-79.9371,40.47285],"Pittsburgh Ward 12 Dist 16":[-79.8906,40.472750000000005],"Pittsburgh Ward 11 Dist 11":[-79.92275000000001,40.472100000000005],"Pittsburgh Ward 12 Dist 11":[-79.9026,40.470800000000004],"Pittsburgh Ward 11 Dist 13":[-79.9144,40.47085],"Pittsburgh Ward 11 Dist 14":[-79.91485,40.46825],"Pittsburgh Ward 11 Dist 12":[-79.91665,40.47110000000001],"Pittsburgh Ward 10 Dist 19":[-79.94325,40.469500000000004],"Pittsburgh Ward 10 Dist 16":[-79.9366,40.46995],"Pittsburgh Ward 11 Dist 5":[-79.92975000000001,40.470200000000006],"Pittsburgh Ward 11 Dist 17":[-79.9264,40.46855000000001],"Pittsburgh Ward 12 Dist 13":[-79.89215000000002,40.468450000000004],"Pittsburgh Ward 11 Dist 4":[-79.93075,40.46755],"Pittsburgh Ward 11 Dist 16":[-79.92365000000001,40.4683],"Pittsburgh Ward 12 Dist 10":[-79.90485000000001,40.46725000000001],"Pittsburgh Ward 12 Dist 5":[-79.91230000000002,40.466800000000006],"Pittsburgh Ward 11 Dist 18":[-79.923,40.46555000000001],"Pittsburgh Ward 12 Dist 14":[-79.89925000000001,40.466950000000004],"Pittsburgh Ward 10 Dist 17":[-79.93785,40.46640000000001],"Pittsburgh Ward 10 Dist 18":[-79.9435,40.46625],"Pittsburgh Ward 11 Dist 2":[-79.93325000000002,40.4656],"Pittsburgh Ward 12 Dist 6":[-79.90950000000001,40.4645],"Pittsburgh Ward 12 Dist 15":[-79.89330000000001,40.464600000000004],"Pittsburgh Ward 12 Dist 3":[-79.91685000000001,40.465250000000005],"Pittsburgh Ward 12 Dist 7":[-79.9025,40.4637],"Pittsburgh Ward 11 Dist 3":[-79.9244,40.46235],"Pittsburgh Ward 12 Dist 4":[-79.91445000000002,40.46285],"Pittsburgh Ward 11 Dist 15":[-79.9194,40.4626],"Pittsburgh Ward 12 Dist 2":[-79.91050000000001,40.462700000000005],"Pittsburgh Ward 12 Dist 9":[-79.90365,40.460750000000004],"Pittsburgh Ward 12 Dist 1":[-79.91245,40.4583],"Pittsburgh Ward 12 Dist 8":[-79.90535,40.4566],"McCandless Ward 1 Dist 1":[-80.02525,40.5989],"Indiana Dist 5":[-79.8832,40.55445],"Richland Dist 8":[-79.9744,40.6542],"Richland Dist 1":[-79.94205000000001,40.660650000000004],"West Deer Dist 1":[-79.87890000000002,40.64490000000001],"West Deer Dist 2":[-79.85065,40.65675],"West Deer Dist 5":[-79.83435,40.6338],"Harrison Ward 4 Dist 2":[-79.72130000000001,40.64425],"Harrison Ward 5 Dist 2":[-79.72665,40.630700000000004],"Richland Dist 5":[-79.94885000000001,40.6417],"Harrison Ward 4 Dist 1":[-79.71780000000001,40.633500000000005],"Harrison Ward 3 Dist 2":[-79.71175,40.628],"West Deer Dist 7":[-79.89035000000001,40.613850000000006],"Harrison Ward 1 Dist 3":[-79.73535000000001,40.62455],"West Deer Dist 6":[-79.8596,40.611650000000004],"West Deer Dist 4":[-79.91145,40.614200000000004],"Harrison Ward 5 Dist 1":[-79.72265000000002,40.6193],"West Deer Dist 3":[-79.8331,40.6113],"Harrison Ward 2 Dist 2":[-79.72305,40.612300000000005],"Harrison Ward 1 Dist 1":[-79.73355000000001,40.615300000000005],"Hampton Dist 11":[-79.93155000000002,40.608000000000004],"Hampton Dist 9":[-79.95325000000001,40.60655],"Hampton Dist 3":[-79.9796,40.5936],"McCandless Ward 2 Dist 1":[-80.0566,40.59985],"Brackenridge Ward 2":[-79.73940000000002,40.61125],"Harrison Ward 2 Dist 1":[-79.73195000000001,40.6116],"McCandless Ward 2 Dist 2":[-80.06110000000001,40.5934],"McCandless Ward 2 Dist 3":[-80.04335,40.59625],"Hampton Dist 2":[-79.934,40.599900000000005],"Pine Dist 3":[-80.0013,40.652100000000004],"McCandless Ward 1 Dist 3":[-80.03140000000002,40.594],"Brackenridge Ward 1":[-79.7398,40.60465000000001],"Hampton Dist 10":[-79.9621,40.58885],"Hampton Dist 8":[-79.9347,40.587450000000004],"McCandless Ward 7 Dist 1":[-79.99915000000001,40.5945],"McCandless Ward 3 Dist 3":[-80.0553,40.579800000000006],"McCandless Ward 5 Dist 1":[-80.02595000000001,40.5839],"Hampton Dist 6":[-79.95835,40.57815],"McCandless Ward 3 Dist 2":[-80.04585,40.579750000000004],"East Deer Ward 2":[-79.7842,40.5765],"Hampton Dist 7":[-79.93495000000001,40.56975],"McCandless Ward 6 Dist 3":[-80.0001,40.567400000000006],"McCandless Ward 3 Dist 1":[-80.0446,40.57390000000001],"Hampton Dist 12":[-79.96895,40.5724],"McCandless Ward 7 Dist 2":[-79.9947,40.57040000000001],"McCandless Ward 5 Dist 2":[-80.02600000000001,40.5685],"McCandless Ward 4 Dist 2":[-80.04945000000001,40.56465],"McCandless Ward 5 Dist 3":[-80.03155000000001,40.56280000000001],"McCandless Ward 4 Dist 3":[-80.06155000000001,40.56205],"Hampton Dist 1":[-79.93890000000002,40.56235],"McCandless Ward 4 Dist 1":[-80.04935,40.5608],"Hampton Dist 4":[-79.96290000000002,40.56175],"Hampton Dist 5":[-79.97985,40.5587],"Harmar Dist 3":[-79.8192,40.5549],"McCandless Ward 6 Dist 2":[-80.01475,40.5574],"Shaler Ward 6 Dist 2":[-79.974,40.55075000000001],"Shaler Ward 6 Dist 5":[-79.9844,40.549350000000004],"Ross Ward 4 Dist 3":[-80.05745,40.5423],"Ross Ward 9 Dist 3":[-80.00930000000001,40.551050000000004],"Ross Ward 9 Dist 1":[-79.994,40.54865],"Shaler Ward 6 Dist 1":[-79.96545,40.55055],"Shaler Ward 6 Dist 4":[-79.953,40.55095],"Shaler Ward 6 Dist 3":[-79.98295000000002,40.54690000000001],"Shaler Ward 3 Dist 3":[-79.95060000000001,40.5491],"Ross Ward 8 Dist 2":[-80.02255,40.54825],"Harmar Dist 2":[-79.81765000000001,40.544650000000004],"Ross Ward 2 Dist 1":[-80.00605,40.53985],"Ross Ward 5 Dist 3":[-80.04350000000001,40.541050000000006],"Fox Chapel Dist 2":[-79.8723,40.537150000000004],"Ross Ward 2 Dist 2":[-79.99495,40.53835],"Fox Chapel Dist 4":[-79.89590000000001,40.53575],"Shaler Ward 3 Dist 2":[-79.94255000000001,40.54515000000001],"Ross Ward 8 Dist 1":[-80.02255000000001,40.541250000000005],"Shaler Ward 4 Dist 4":[-79.96965,40.5431],"Ross Ward 5 Dist 2":[-80.0308,40.54305],"Shaler Ward 3 Dist 5":[-79.94930000000001,40.540000000000006],"Cheswick Dist 2":[-79.80145,40.5458],"Shaler Ward 3 Dist 4":[-79.95875000000001,40.54050000000001],"Springdale Br Dist 2":[-79.78775,40.5458],"Springdale Br Dist 1":[-79.77265,40.54130000000001],"Shaler Ward 5 Dist 2":[-79.98260000000002,40.5384],