{"Shaler Ward 5 Dist 1":[-79.9767,40.527800000000006],"Etna Ward 2":[-79.94575,40.49815],"Reserve Ward 3":[-79.98570000000001,40.49055],"Millvale Dist 5":[-79.97325000000001,40.489450000000005],"Pittsburgh Ward 10 Dist 7":[-79.929,40.48825],"Pittsburgh Ward 10 Dist 5":[-79.94175000000001,40.48695000000001],"Pittsburgh Ward 10 Dist 1":[-79.95320000000001,40.482800000000005],"Pittsburgh Ward 10 Dist 4":[-79.93605000000001,40.483700000000006],"Pittsburgh Ward 10 Dist 10":[-79.9314,40.4808],"Pittsburgh Ward 10 Dist 6":[-79.9442,40.481750000000005],"Pittsburgh Ward 10 Dist 3":[-79.94965,40.4808],"Pittsburgh Ward 9 Dist 3":[-79.96065000000002,40.47775],"Pittsburgh Ward 10 Dist 2":[-79.95170000000002,40.47905],"Pittsburgh Ward 9 Dist 4":[-79.94705000000002,40.471900000000005],"Pittsburgh Ward 26 Dist 17":[-79.98945,40.47175],"Pittsburgh Ward 9 Dist 2":[-79.96255000000001,40.473600000000005],"Pittsburgh Ward 9 Dist 1":[-79.96445,40.47195000000001],"Pittsburgh Ward 26 Dist 9":[-79.99415,40.46955],"Pittsburgh Ward 6 Dist 1":[-79.97055,40.46360000000001],"Pittsburgh Ward 9 Dist 5":[-79.95870000000001,40.4699],"Pittsburgh Ward 24 Dist 6":[-79.97595000000001,40.46735],"Pittsburgh Ward 24 Dist 4":[-79.98265,40.46235],"Pittsburgh Ward 9 Dist 7":[-79.9529,40.46770000000001],"Pittsburgh Ward 9 Dist 6":[-79.95805000000001,40.4671],"Pittsburgh Ward 6 Dist 2":[-79.96265000000001,40.464850000000006],"Pittsburgh Ward 24 Dist 2":[-79.99235,40.46385000000001],"Pittsburgh Ward 24 Dist 3":[-79.99000000000001,40.46195],"Pittsburgh Ward 24 Dist 1":[-79.99605000000001,40.46215000000001],"Pittsburgh Ward 9 Dist 9":[-79.95020000000001,40.464150000000004],"Pittsburgh Ward 9 Dist 8":[-79.95420000000001,40.463800000000006],"Pittsburgh Ward 6 Dist 3":[-79.96010000000001,40.46285],"Pittsburgh Ward 24 Dist 5":[-79.98840000000001,40.46040000000001],"Pittsburgh Ward 6 Dist 4":[-79.96100000000001,40.458000000000006],"Pittsburgh Ward 23 Dist 3":[-79.9954,40.45755],"Pittsburgh Ward 2 Dist 2":[-79.98515,40.451100000000004],"Pittsburgh Ward 6 Dist 5":[-79.9701,40.45585],"Pittsburgh Ward 23 Dist 1":[-79.99345000000001,40.45215],"Shaler Ward 6 Dist 2":[-79.974,40.55075000000001],"Shaler Ward 6 Dist 5":[-79.9844,40.549350000000004],"Shaler Ward 6 Dist 1":[-79.96545,40.55055],"Shaler Ward 6 Dist 4":[-79.953,40.5509],"Shaler Ward 6 Dist 3":[-79.98295000000002,40.54690000000001],"Shaler Ward 3 Dist 3":[-79.95060000000001,40.54905],"Shaler Ward 3 Dist 2":[-79.9426,40.54525],"Shaler Ward 4 Dist 4":[-79.96965,40.5431],"Shaler Ward 3 Dist 5":[-79.94930000000001,40.540000000000006],"Shaler Ward 3 Dist 4":[-79.95875000000001,40.54050000000001],"Shaler Ward 5 Dist 2":[-79.98260000000002,40.5384],"Shaler Ward 4 Dist 3":[-79.97030000000001,40.5386],"Shaler Ward 3 Dist 1":[-79.94365,40.53705],"Shaler Ward 4 Dist 1":[-79.9597,40.529700000000005],"Shaler Ward 5 Dist 5":[-79.98345,40.5307],"Shaler Ward 7 Dist 4":[-79.94905,40.52235],"Shaler Ward 5 Dist 3":[-79.96695,40.5281],"Shaler Ward 7 Dist 3":[-79.94745,40.51955],"Shaler Ward 4 Dist 5":[-79.95515,40.522800000000004],"Shaler Ward 5 Dist 4":[-79.98400000000001,40.52205000000001],"Shaler Ward 4 Dist 2":[-79.96395000000001,40.520250000000004],"Shaler Ward 2 Dist 2":[-79.97705,40.51195],"Shaler Ward 2 Dist 4":[-79.96470000000001,40.51140000000001],"Shaler Ward 2 Dist 1":[-79.98095,40.51140000000001],"Shaler Ward 7 Dist 1":[-79.94085000000001,40.50790000000001],"Shaler Ward 7 Dist 2":[-79.95485000000001,40.512550000000005],"Shaler Ward 2 Dist 5":[-79.95580000000001,40.50845],"Etna Ward 3":[-79.95240000000001,40.5047],"Shaler Ward 2 Dist 3":[-79.9788,40.498850000000004],"Shaler Ward 1 Dist 1":[-79.9594,40.49625],"Shaler Ward 1 Dist 4":[-79.96975,40.496750000000006],"Shaler Ward 1 Dist 3":[-79.95455000000001,40.49815],"Etna Ward 1":[-79.95020000000001,40.495900000000006],"Reserve Ward 4":[-79.99795,40.48465],"Shaler Ward 1 Dist 5":[-79.96530000000001,40.489850000000004],"Shaler Ward 1 Dist 2":[-79.9621,40.4849],"Millvale Dist 2":[-79.97155000000001,40.487300000000005],"Reserve Ward 2":[-79.98610000000001,40.47845000000001],"Millvale Dist 3":[-79.97465,40.48125],"Millvale Dist 4":[-79.9786,40.48010000000001],"Millvale Dist 1":[-79.971,40.475350000000006],"Reserve Ward 1":[-79.97900000000001,40.472550000000005]}